a,b,c,d,e,f,g,h,i,j,k,l,m,n,o,p,q,r,s
"12.30.23 ""FINALE""","3 ROUNDS: 
10 Sandbag Power Cleans 
20 Sandbag Front Rack Walking Lunges (total)
100m Sandbag Bear Hug Carry 
10 Sandbag Squat Cleans 
20 Sandbag Front Rack Walking Lunges (total)
100m Sandbag Overhead Carry",https://www.youtube.com/watch?v=FkhxFA9EMVw?si=YT0DaMmmaTqv9_T7,,,,,,,,,,,,,,,,
"12.29.23 ""5 MILE RUCK""",Ruck 5 Miles (30#/20#) for time,https://www.youtube.com/watch?v=945HVHYXNUQ?si=DmQb0XfW6snYpPBx,,,,,,,,,,,,,,,,
"12.28.23 ""GRIP TEST""",2 Mile Farmers Carry,"You pick the weight based on what you have. Can be an uneven carry with a ruck in one hand and sandbag in the other, switching as needed. Or grab 2 kettlebells. Should be a challenging weight. To spice it up wear your ruck or weight vest!",https://www.youtube.com/watch?v=T3gSSkIhE6c?si=xEPS6fV4ydQMgZI1,,,,,,,,,,,,,,,
"12.26.23 ""COOKIE CRUSHER""","2 ROUNDS: 
20 Kettlebell Swings 
20 Kettlebell Goblet Squats 
20 Kettlebell Reverse Lunges (total)
20 Kettlebell Single Arm Push Press (total)

Rest 2 minutes

2 ROUNDS: 
15 Sandbag Floor Press
15 Sandbag Bent Over Rows
15 Sandbag Deadlifts

Rest 2 minutes

2 ROUNDS:
10 Sandbag Get Ups
10 Sandbag Shoulder to Shoulder Press
10 Mountain Climber (4 ct, slick)",https://www.youtube.com/watch?v=EwbAW9a0rJo?si=krvGZ4DX1CAFsfBi,,,,,,,,,,,,,,,,
"12.25.23 ""REINDEER GAMES""","10-1
Sandbag Trusters
Sandbag Lateral Toss
Burpee Broad Jumps (slick/unweighted)","Start with 10 reps of each movement, then 9 of each, 8, 7, etc until you complete 1 rep of each movement.",https://www.youtube.com/watch?v=_cgeJI-3sm0?si=tlvQ3pae-JeoaKk3,,,,,,,,,,,,,,,
"12.23.23 ""12 DAYS OF CHRISTMAS""","100m Sandbag Shuffle
2- Sandbag Thrusters
3- Sandbag Clean & Press
4- Sandbag Burpee OH Throw 
5- Sandbag Bent Over Row
6- Kettlebell Snatches (total)
7- Kettlebell Swings
8- V-Ups
9- Sandbag Back Squats
10- Sandbag Walking Lunges (total)
11- Sandbag Front Toss
12- Sandbag Man Makers","For Time, adding one movement per round in tune to the song: On the first day of Christmas, my true love gave to me… Start with one 100m Sandbag Shuffle. Next do two Thrusters and one 100m Sandbag Shuffle. Then three Sandbag Clean & Presses, two Thrusters, and one 100m Sandbag Shuffle. Continue this way until the final round of 12 Sandbag Man Makers, 11 Sandbag Front Toss, and each movement descending in repetitions all the way down to the one 100m SB Shuffle for 364 total repetitions.",https://www.youtube.com/watch?v=aL1985peZQE?si=FZesiZ8vAMG8MHkB,,,,,,,,,,,,,,,
"12.22.23 ""INCLINE RUCK""",30 min Ruck with elevation,Ruck 30/20 lbs,"Don't have elevation, find some stairs or do step ups on a box.",https://www.youtube.com/watch?v=Z7mp0DXBk4U?si=OXgyrsd-yjPM5-NE,,,,,,,,,,,,,,
"12.21.23 ""TENS UNIT""","10 ROUNDS: 
10 Sandbag OH Throws (60/40 lbs)
10 Push Ups (slick/unweighted)
10 Sandbag OH Leg Raises (60/40 lbs)
100m Sprint (slick/unweighted)",https://www.youtube.com/watch?v=ciIgelkJjyo?si=BgqE3y-Q1sry2NY9,,,,,,,,,,,,,,,,
"12.19.23 ""FIRST CLASS""","20 min AMRAP: 
400m Ruck Suitcase Carry (30/20 lbs)
20 Ruck Split Squats (30/20 lbs, 10 reps each leg)
20 Sandbag Cleans (60/40 lbs )
50m Sandbag Overhead Carry (60/40 lbs)",https://www.youtube.com/watch?v=BADznTtmsAg?si=5lzrHufLJZ5tGa-k,,,,,,,,,,,,,,,,
"12.18.23 ""5k RUCK""",Ruck 3.1 Miles (30/20 lbs),https://www.youtube.com/watch?v=uHY0fCv-dfU?si=JAsYVmaKOj8cIEC3,,,,,,,,,,,,,,,,
"12.16.23 ""LOCK, SHOCK & BARREL""","10 Man Makers
50 Plank Ruck Pull Through
400m Ruck
10 Man Makers
50 Ruck Pressed Leg Lifts
400m Ruck
10 Man Makers
50 Ruck Twists (2 ct)
 400m Ruck",Programmed by Chris Strasser from Vice City Ruckers,https://www.youtube.com/watch?v=pluJZWsUe54?si=i3MBkjQUZ-tCBwlm,,,,,,,,,,,,,,,
"12.15.23 ""PAIN TRAIN""","Buy In: 1 min Wall Sit w/ Ruck at chest

20 min AMRAP:
5 Sandbag Bear Complex
10 Ruck Cossack Squats 
15 Sumo Squat High Pull w/Ruck 
200m Ruck + Sandbag Carry 

Cash Out: 1 min Wall sit w/ Ruck at chest",https://www.youtube.com/watch?v=KJI76ecH5nI?si=fbo8xlXsfZ_YIdri,,,,,,,,,,,,,,,,
"12.14.23 ""PYRAMID""","30-20-10-20-30
Sandbag Shoulder to Shoulder Press 
Sandbag Deadlifts 
Mountain Climbers 4ct (slick/unweighted)",https://www.youtube.com/watch?v=WudZPlckVQc?si=RKDSn9_KG5ueP_QL,,,,,,,,,,,,,,,,
"12.12.23 ""ACTIVATE""","1 Round:
50 Zercher Squats 
10 Floor Press 
40 Zercher Squats 
20 Floor Press 
30 Zercher Squats 
30 Floor Press
20 Zercher Squats 
40 Floor Press 
10 Zercher Squats 
50 Floor Press",https://www.youtube.com/watch?v=JDotEEIWfQ0?si=QGpq2CIirneUQTDf,,,,,,,,,,,,,,,,
"12.11.23 ""BULLET""","5 Rounds:
Minute Stations
1 min Sandbag Front Toss 
1 min Ruck Russian Twists
1 min Sandbag Hang Clean & Press 
1 min Ruck Pressed Leg Raises",https://www.youtube.com/watch?v=AlYbr_D85nc?si=sQ90rRJH0ERfbb2K,,,,,,,,,,,,,,,,
"12.9.23 ""JACK SKELLINGTON""","BUY IN: 1 Mile run/shuffle
50 Burpees
50 Sit-Ups
50 Push-Ups
50 Air Squats
50 4ct Mountain Climbers
50 4ct Jumping Jacks
50 4ct Flutter Kicks","Rx: Ruck (30#/20#) for all movements except burpees
 Burpees (slick/unweighted)
Scaled: slick/unweighted for entire wod",Programmed by Chris Strasser from Vice City Ruckers,https://www.youtube.com/watch?v=OGa_cJvtjAQ?si=aLym_FqnKAq6oO6X,,,,,,,,,,,,,,
"12.8.23 ""ASSAULT""","100m Bear Crawl (slick)
 (50m down, 50m back)
20 SB Power Cleans
30 SB Plank Pull Throughs
40 Lateral Hops over SB
50m SB Run (down & back)
60 SB Swings 
THEN REPEAT in reverse order starting with 60 more swings.",https://www.youtube.com/watch?v=pRzkd-WTGO8?si=x5PrZ5npmolYw4qc,,,,,,,,,,,,,,,,
"12.7.23 ""LEGS ON BLAST""","4 Rounds: 
100m Ruck Side Shuffle 
 (50m down, 50m back)
15 Ruck Static Lunges (ea leg)
15 Ruck 1 & ¼ Squat
15 Ruck Single Leg Deadlifts (ea leg)

Cash Out: Heavy 400m Carry (ruck + sandbag)",https://www.youtube.com/watch?v=5pzQ5dMtC0Y?si=dxkCRCBlOZENm_8m,,,,,,,,,,,,,,,,
"12.5.23 ""CORE CONTROL""","2 Rounds:
800m Ruck 
50 Single Leg V-Ups (slick)
25 Plank Ups (slick)
800m Ruck
50 Sit Ups (slick)
1 min Plank Hold",https://www.youtube.com/watch?v=A45xCbxlThU?si=1_nf8l1bd_pypgn5,,,,,,,,,,,,,,,,
"12.4.23 ""ARMAGEDDON""",Buy In: 50 Push-ups (slick),"6 ROUNDS:
10 SB Skull Crushers 
10 SB Floor Press
10 SB Strict Overhead Press
10 SB Bicep Curls
10 SB Bent Over Rows

Cash Out: 50 Push-ups (slick)",https://www.youtube.com/watch?v=B4_g8auEEjs?si=EZH1sVRFMFbZHOfX,,,,,,,,,,,,,,,
50 Sandbag/Sand Medicine Ball over shoulders,Main Event: Put your ruck on your back and do the following:,Ruck for 30 seconds.,"Carry the sandbag or sand medicine ball for 30 seconds. Alter how you carry the weight throughout the workout. For example, hug it frontward, toss it on a shoulder, rest it over your back, etc.",Do that—swapping back and forth—for the allotted time.,Time: 30 minutes total.,"Deeper explanation: You’ll ruck 30 seconds, then pick up the weight (keeping your ruck on) and carry it however you’d like for 30 seconds. Then you’ll drop the weight or hand it off to your partner and ruck 30 seconds. Then you’ll carry the weight again in a different position for 30 seconds. And so on and so forth until you’ve done that for 30 minutes.",Big note: This is best done with a partner. Ruck together and hand off the weight.,20 squats holding the weight or your ruck in front of you.,"5 total minutes of a plank (e.g., you could do five one-minute sets of the plank).",20 bird dogs (each side),12.1.23 “LIAM”,"FOR TIME:
800m SB Run 
100 SB Leg Raises
50 SB Front Squats 
50 SB Bent over Row
800m SB Run","Men: 60lb
Women: 40lb",https://www.youtube.com/watch?v=zkuyKyJn3aU?si=w4vgHAHIvbf5YRoG,,,,
"11.30.23 “I am up, he sees me, I am down”",FOR TIME:,75 Burpee Sandbag Ground to Overhead with hop over SB,"*You can also scale this down to a burpee with SB swing. If you use a ruck instead of a sandbag, do not drop it from overhead.",Men: 60lb Women: 40lb,https://www.youtube.com/watch?v=MmFHzF3UFk8?si=A9PvQq1jfUqeXCcu,,,,,,,,,,,,,
"11.28.23 “PUSH, PULL, KICK”",Buy in: Ruck 1600 meters,10 min AMRAP:,Cash out: Ruck 1600 meters,"Don’t have a Rucker, grab a Sandbag and get to work",https://www.youtube.com/watch?v=WFr-4MKWcEw?si=-FnC8_jo-46b6lFX,,,,,,,,,,,,,
"11.27.23 “RUN, WALK, CRAWL”",https://www.youtube.com/watch?v=RXXGnTVuOjk?si=Rx0vDo6XehBL6QMQ,,,,,,,,,,,,,,,,,
11.25.23 “PEACOCK PARADISE”,"Get as far as possible in 10 minutes…

1 SB Deadlift
1 SB Hang Squat Clean
1 SB Push Press 

2 SB Deadlift
2 SB Hang Squat Clean
2 SB Push Press 

3 SB Deadlift
3 SB Hang Squat Clean
3 SB Push Press 

…keep adding 1 rep per movement per round

Programmed by Street Parking",https://www.youtube.com/watch?v=y4k5kCs5CjY?si=JOdbJm8bRknPOw3w,,,,,,,,,,,,,,,,
11.24.23 “RUCKED UP”,600m Ruck Run,When clock hits 5:00…,"8 Rounds:
20 sec Ruck Squats
10 sec Rest",When the clock hits 9:00…,600m Ruck Run,Extra Challenge: Increase to 800m Runs,Programmed by Street Parking,https://www.youtube.com/watch?v=-LER9QxzMcE?si=XjTWyfQrGi3N6-O-,,,,,,,,,,
11.23.23 “NOWHERE TO HIDE”,12 MIN AMRAP:,"8 Sandbag Burpees w/ OH Press 
16 SB Box Step Overs 
Or 16 SB Walking Lunges

Extra Challenge: Increase to 12 Burpees

Programmed by Street Parking",https://www.youtube.com/watch?v=fxO8wPLZNq4?si=Ur4kiZwfqmXK61Ne,,,,,,,,,,,,,,,
11.21.23 “PUSH’EM OVER”,"5 ROUNDS: 
18 SB Supine Toe Touch
8 SB Push-up + 
Lateral Drag
12 SB Over Shoulder
8 SB Push-up + 
Lateral Drag",Rest 1 min between rounds,Programmed by Street Parking,https://www.youtube.com/watch?v=02s45z-YXeY?si=NlSft1h0o8GELp4_,,,,,,,,,,,,,,
11.20.23 “MIRAGE”,40 SB Lungesters,"Every minute on the minute (starting at 1:00)
15 SB Hop Overs","When you hit 40 reps:
800m Ruck Run",Extra Challenge: Increase to 50 Lungesters + 20 Hop Overs,Programmed by Street Parking,https://www.youtube.com/watch?v=MeWXm0xtmsM?si=sxu-b1CBnYsH1uZ-,,,,,,,,,,,,
11.18.23 “FRANISH”,21-15-9-6,"Sandbag Thrusters
Sandbag Bent Over Rows
Burpee Over Sandbag",https://www.youtube.com/watch?v=zXfyrqRD9A4?si=UQr9YTdaCIPTwOqM,,,,,,,,,,,,,,,
"11.17.23 ""PICK YOUR POISON""","10 Rounds:
20 Sandbag or Ruck Floor Press
20 Sandbag or Ruck Sit-Ups 
50m Sandbag or Ruck Overhead Carry",https://www.youtube.com/watch?v=q7mIlkp-WW8?si=zrNFSw4aJwVuQyhX,,,,,,,,,,,,,,,,
"11.16.23 ""RUNNING SB DT""","5 Rounds:
12 Sandbag Deadlifts 
9 Sandbag Hang Cleans
6 Sandbag Overhead Press
400m Sandbag Run/Shuffle/Walk",https://www.youtube.com/watch?v=f37YgXBiSXw?si=xL5yK021s-asBa_E,,,,,,,,,,,,,,,,
"11.14.23 ""RANGER PANTIES in a WOD""",6 Rounds:,100m Sandbag Suitcase Carry (wear ruck),10 Ruck Push Ups,10 Sandbag Plank Pull Throughs (wear ruck),https://www.youtube.com/watch?v=OhRNVFNdt60?si=uzQrI08dqC_IfTku,,,,,,,,,,,,,
"11.13.23 ""SANDBAG SWAP""",6 Rounds:,5 minutes Sandbag Ruck (ruck + sandbag),5 minutes Recovery Ruck (ruck only),https://www.youtube.com/watch?v=BhicZxgnYr4?si=45vYbMvylcau41e1,,,,,,,,,,,,,,
11.11.23 “CHAD1000x”,In Support of Veteran Mental Health,The Workout:,"1,000 box step-ups completed as a team, partner, or individual for time.",3 OPTIONS:,1. Slick/Beginner // No rucksack. You pick the height of the step-ups.,2. Standard/Intermediate // 30#/20# rucksack. You pick the height of the step-ups.,"3. Expert // 45# rucksack. Use 20"" box for step-ups.",https://www.youtube.com/watch?v=wXfqt0dO1Fk?si=Qhj78z8C7mxL0sGJ,,,,,,,,,,
11.10.23 “3 Miler”,3 Mile Ruck (you pick the load),https://www.youtube.com/watch?v=2Ir8NLRWvXQ?si=1cEZL7CFGaZH6HJD,,,,,,,,,,,,,,,,
11.9.23 “RUCK OFF”,6 ROUNDS:,20 Ruck Swings,15 Ruck Pressed Flutter Kicks (4ct),10 Ruck Single Arm Push Press (each),200m Ruck Single Arm OH Carry (switch arms at 100m),https://www.youtube.com/watch?v=lsYHzgKQEIg?si=EqkuPeQtXaC4DYAV,,,,,,,,,,,,
11.7.23 “RUCK CINDY”,20 MINUTE AMRAP:,5 Pull-Ups or SB Bent Over Rows,10 Ruck Push-Ups,15 Ruck Squats,AMRAP = As Many Rounds As Possible,https://www.youtube.com/watch?v=LTcOTleOTnM?si=skdLb9aU_54R_yKC,,,,,,,,,,,,
11.6.23 “SANDBAG SCARS”,20 SB Front Toss,25 SB Front Rack Reverse Lunges (total),30 SB Deadlifts,800m SB Suitcase Carry (switch hands as needed),30 SB Deadlifts,25 SB Front Rack Reverse Lunges (total),20 SB Front Toss,*Spice it up by wearing your ruck!,https://www.youtube.com/watch?v=5ZAS9Uv2_oE?si=OZglLW62PE_BzZ0Q,,,,,,,,,
11.4.23 “HOTSHOTS 19”,6 ROUNDS:,"Background: Nineteen City of Prescott (Arizona, USA) firefighters, members of the Granite Mountain Hotshots firefighting team, tragically lost their lives on June 30, 2013, while fighting the Yarnell Hill Fire, which was ignited by lightning two days prior. It was the deadliest wildfire in Arizona’s history.",https://www.youtube.com/watch?v=Ud8QAOfOk54?si=hwR-OVhYPaTr2B29,,,,,,,,,,,,,,,
11.3.23 “5 MILER”,5 Mile Ruck For Time (carrying your baseline weight),https://www.youtube.com/watch?v=7GL-UO4P-So?si=CSHppmXDW3gc7th0,,,,,,,,,,,,,,,,
11.2.23 “GUNSLINGER”,BUY IN: 400m Farmers Carry,"5 Rounds:
10 SB Floor or Bench Press
10 Tempo Tricep Push Ups (3-1)
10 SB Hang Cleans
10 SB Strict OH Press
10 SB Bent Over Rows",CASH OUT: 400m Farmers Carry,https://www.youtube.com/watch?v=YOB1Ay102Ws?si=FqW-vCLC9X2EBqz1,,,,,,,,,,,,,,
10.31.23 “MONSTER MASH”,For Time:,https://www.youtube.com/watch?v=ajppIekhngA?si=3c9y2F5Q1wCzi0gS,,,,,,,,,,,,,,,,
10.30.23 “CHAD PREP IV”,Part 1,For time:,400 Ruck Step-ups,*Rest 5:00-10:00 between Part 1 and Part 2.,Part 2,2 sets for total reps:,2:00 Ruck Walking Lunges,1:00 Rest,2:00 Ruck Squats,1:00 Rest,*Use height & loading that is consistent with how you plan to tackle,CHAD1000X.,https://www.youtube.com/watch?v=97CcVomdW9I?si=5xhyeXC4hIzwy8TW,,,,,
10/28/23 “SLOW & STEADY”,"BUY IN: 50 Russian KB Swings (unbroken)

4 ROUNDS:
12 Heavy SB Deadlifts
12 Heavy SB Floor press

4 ROUNDS: 
12 KB Posted Leg Deadlifts (each)
12 KB Single Arm Floor Press (each)

4 ROUNDS: 
12 KB Bulgarian Split Squats (each)
12 KB OH Strict Press (each)

CASH OUT: 50 Russian KB Swings",https://www.youtube.com/watch?v=_uSl-8F0vkw?si=AnIImzdRdHGzQuH2,,,,,,,,,,,,,,,,
10/27/23 “MED BALL PUMP”,"10-1 
HR Push- Ups 
Med Ball Cleans
*100ft Med Ball Carry after each set

Start with 10 reps of each exercise, then do a 100ft ball carry, then 9, Carry, 8, Carry...until you get to 1 rep each and finish with a carry.",10/26/23 “FOUR”,https://www.youtube.com/watch?v=FdAdpf8k8cY?si=aUSeBS5a0gI4506F,,,,,,,,,,,,,,,
"4 ROUNDS: 
400m SB Suitcase Carry (switch hands as needed)
40 SB Back Squats",https://www.youtube.com/watch?v=n2Dj9e_cAxk?si=auK1b3vcDKc4JcJk,,,,,,,,,,,,,,,,,
10/24/23 “BULLET”,5 ROUNDS:,MIN 1: SB Lateral Toss,MIN 2: Ruck Russian Twists,MIN 3: SB Hang Clean & Press,MIN 4: Ruck Pressed Leg Raises,https://www.youtube.com/watch?v=MMAbA4JpXfA?si=uLU-HL0gvGh7yMby,,,,,,,,,,,,
10/23/23 “CHAD PREP III”,"Buy In: 400m Backwards Walk (Ruck Optional)

100 Ruck Box Step-Ups 
100 Ruck Squats
100 Ruck Box Step-Ups
100 Ruck Alternating Reverse Lunges 
100 Ruck Box Step-Ups 
100 Ruck Soccer Touches
100 Ruck Box Step-Ups

Cash Out: 400m Ruck Side to Sides (switch sides every 100m)",https://www.youtube.com/watch?v=tAeIxDEPiSg?si=XWr5WmahMbcbJOfF,,,,,,,,,,,,,,,,
10/21/23 “MOGADISHU MILE”,4 Rounds for Time:,Wear Ruck for entire workout:,Use a single Kettlebell throughout. With a running clock perform 4 rounds of the prescribed work in the order written as fast as possible.,"Your Kettlebell is your “Ranger Buddy.” You cannot lose physical contact with it at any time. You may rest it on your body, or set it on the ground with one hand touching it, but do not let it go completely. If you DO let your Kettlebell go, you forfeit the progress of that round, and you must start the round over.","For the Kettlebell Push-Ups, you must perform 19 Kettlebell Push-Ups (with one hand on top of the Kettlebell) for each arm. Each round requires a total of 38 Push-Ups.",Score is the time on the clock when the last Kettlebell Run is completed.,https://www.youtube.com/watch?v=lsheWPvv004?si=GcdTUfTw9ztfN4tA,,,,,,,,,,,
10/20/23 “COUPLE MILE CARRIES”,2 ROUNDS:,"200m SB Zercher Carry
200m SB Overhead Carry
200m SB Back Rack Carry
200m SB Bear Hug Carry
200m SB Suitcase Carry (switch hands as needed)
200m SB Right Shoulder Carry 
200m SB Left Shoulder Carry
200m SB Front Rack Carry",*Wear a ruck to spice it up!,https://www.youtube.com/watch?v=ujC85AWUSas?si=7PqJyzQB6FEcDZfT,,,,,,,,,,,,,,
"10.19.23 ""SANDBAG KALSU""",100 Sandbag Thrusters,*Every minute on the minute 5 Burpees with lateral hop over sandbag.,"Once you complete the 5 Lateral burpees do as many SB Thrusters as you can in the remaining time of that minute. You start with burpees again at minute 2, etc.","It is going to hurt, your heart rate will be high. Remember if you don't get any thrusters in each minute then you are no closer to your goal of 100, so keep those burpees quick! You can modify this workout by cutting down the number of burpees to 4 each set if needed.",https://www.youtube.com/watch?v=47GUnHXor1E?si=RGOaNx9oqNdPcvgT,,,,,,,,,,,,,
10/17/23 “VESTED”,"4 ROUNDS: 
*wear your weight vest (or ruck)","Min 1: Push Ups
Min 2: SB Bent Over Row
Min 3: SB Shoulder to Shoulder Press
Min 4: 200m Run
(quick run, scale distance if needed)
Min 5: Rest",https://www.youtube.com/watch?v=uIj2CY-XYPQ?si=hxLcVdhcrxi-54B7,,,,,,,,,,,,,,,
10/16/23 “CHAD PREP II”,"Buy In: 800m Ruck Run/Shuffle

100 Ruck Box Step Ups 
25 Ruck OH Flutter Kicks (4 count)
100 Ruck Walking Lunges (total)
25 Ruck + SB Single Leg Posted Deadlifts (each)
100 Ruck Squats
25 Ruck OH Slow Leg Raises

Cash Out: 800m Ruck Run/Shuffle",https://www.youtube.com/watch?v=MkGX73cOhhI?si=HrS9whrLjefOtCU9,,,,,,,,,,,,,,,,
10.14.23 “RUCK ON”,3 ROUNDS:,"1min Ruck Plank
10 Ruck Push-Ups
20 Single Arm Ruck Curls (total)
30 Ruck or SB Deadlifts
20 Single Arm Ruck Curls (total)
10 Ruck Push-Ups",FINISHER: 1 MIle Ruck,https://www.youtube.com/watch?v=DFAf5Vj7w3g?si=tH0X2wVUau-Bpplh,,,,,,,,,,,,,,
10.13.23 “ROUGH RUNNER”,30 Minutes:,"1 min Ruck Run
30 sec Ruck Walk","*Keep a challenging but steady pace on the run. 
*If you are new to running, complete without your ruck","Finisher: 
10- 25ft Ruck Side Shuffle (down & back)",https://www.youtube.com/watch?v=dq9sbhY_fd0?si=kfecgcUz_H-YRkLZ,,,,,,,,,,,,,
10.12.23 “BOULDER SHOULDERS”,BUY IN: 200m SB Zercher Carry & 200m SB Overhead Carry,"50 SB Push Press
40 Single Arm KB Hang Clean (total)
30 KB Upright Rows
20 Plank SB Pull Throughs 
Max Effort Ruck or KB Front Hold",CASH OUT: 200m SB Zercher Carry & 200m SB Overhead Carry,https://www.youtube.com/watch?v=xFolrU-cCCM?si=M3vOXDF6ddBkkzgm,,,,,,,,,,,,,,
10.10.23 “BEAR NECESSITY”,4 ROUNDS:,"50ft Bear Crawl (slick)
5 SB Bear Complex
100ft SB or Ball Bear Hug Carry","*after you complete 4 rounds of the above, move on to 4 rounds of core work below",4 ROUNDS:,"10 Single Arm KB Sit-Ups (each)
20 V-Ups (total)
40 sec Single Arm KB Overhead Hold (each)",https://www.youtube.com/watch?v=8kdQg6PEusE?si=8tsUD-EFENhT10se,,,,,,,,,,,,
10.9.23 “CHAD PREP I”,"5 ROUNDS: 
20 Ruck Squats
20 Ruck Cossack Squats (total)
20 Ruck Walking Lunges (total)
20 Mountain Climbers (4ct, slick)",https://www.youtube.com/watch?v=tl_f-xoBT4k?si=6O-SbqkLRAneoWx8,,,,,,,,,,,,,,,,
10.7.23 “ACHILLES”,"20 min EMOM (every minute on the minute):
10 Push Ups
Max Med Ball Over Shoulder 
 
Male 100#
Female 80#  
*modify weight if needed",https://www.youtube.com/watch?v=BSEA3m74vdU?si=G5mSU2z07wW_AKMG,,,,,,,,,,,,,,,,
10.6.23 “AXL ROSE”,"8 ROUNDS:
  
10 Hand Release Push-Ups  
20 KB Russian Twists  
1 min Plank Hold 
20 Squats 
*weight vest optional",https://www.youtube.com/watch?v=aq_OvkHOhDU?si=zFh5dVbnnAeZs6TA,,,,,,,,,,,,,,,,
10.5.23 “CALLOUSED MIND”,2 Mile Farmer Carry (wear weight vest),*can be same weight in each hand or an uneven farmer carry with different weights alternating as needed,https://www.youtube.com/watch?v=aKei5ZuBJfQ?si=vWEYX7fVSZ98gKBX,,,,,,,,,,,,,,,
10.3.23 “KNOCK SOME WIND OUTTA ME”,1 Mile Run,100 Sandbag Burpee Clean & Press,1 Mile Run,https://www.youtube.com/watch?v=Jn8ExBY6aOU?si=NRa85q0tzLrOvvn_,,,,,,,,,,,,,,
10.2.23 “THE FILTHY PIRATE”,10 ROUNDS:,"5 Pull-Ups or 10 SB Bent over Rows  
10 Push-Ups 
15 Squats  
20 KB Swings","Male: 20# weight vest  
Female: 14# weight vest",https://www.youtube.com/watch?v=vcuThLUjrJs?si=UKzYZSVWT5MZVUEM,,,,,,,,,,,,,,
"9.9.23 ""SB20"" by MTNTOUGH",Get a month free of MTNTOUGH so you can complete the entire program using the code ‘GORUCKCHALLENGE’ on the MTNTOUGH website. Download the MTNTOUGH Fitness App on the App Store or Google Play to get started.,"WORKOUT: 
Equipment: Ruck, Kettlebell, Step/Cooler","WARMUP: 2 Rounds 
Toe Pull Overhead Squats x 5 
Burpees x 5 
Dynamic Pigeon x 3/3","BLOCK 1: 5 Rounds 
Pack + KB Asymmetrical Farmer Carry x 1 min/1 min 
FWD Step Ups x 10/10 
Monkey Planks x 5/5 
Lateral Step Ups x 10/10 
Renegade Rows x 10/10",BUY OUT: Pack Walking Lunges x 100 (50/50),"COOL DOWN: 1 Round 
Couch Stretch x 30 sec/30 sec 
Lumbar Twists x 1 min","NOTES: This is your first Ruck workout of the program. The workout will begin with your kettlebell in one hand, and your pack on your back. You will carry for 1 minute on each arm. If you would like to challenge yourself, you may perform this part on a treadmill set to 15% incline @ 2-2.5 mph. You will not need your Kettlebell for the remaining movements. Keep track of your total time to complete this workout, including your BUY OUT Lunges.",https://www.youtube.com/watch?v=qDmaLtG7wpo?si=XAenPmKACGmCjdGi,,,,,,,,,,
"9.8.23 ""SB20"" by MTNTOUGH",Get a month free of MTNTOUGH so you can complete the entire program using the code ‘GORUCKCHALLENGE’ on the MTNTOUGH website. Download the MTNTOUGH Fitness App on the App Store or Google Play to get started.,"WORKOUT: 
Equipment: Sandbag, Kettlebell","WARMUP: 2 Rounds 
Jumping Jacks x 50 
Dyno Kicks x 3/3 
T Pushups x 5/5",AMRAP: 20 minutes,"RUN x 200 meters 
Sandbag Plank Drag Tuck x 5/5 
KB Pullover Alt V Up x 10/10 
KB Butt Kickers x 25/25 
Supermans x 10 
**Every 5 minutes, pause timer and complete Sandbag Wall Sit 
5 minute mark - 30 sec Wall Sit 
10 minute mark - 60 sec Wall Sit 
15 minute mark - 90 sec Wall Sit 
20 minute mark - 120 sec Wall Sit 
**2 Burpee penalty for every break in Wall Sit","COOL DOWN: 1 Round 
Golf Stretch x 1 min 
V Sit Hamstring Stretch x 30 sec/30 sec","NOTES: Today is technically your FLUSH day. When you start your timer, complete as many rounds through the circuit as possible until the 5 minute mark. At 5 minutes, pause your timer and head to the wall for your Sandbag Wall Sit for the prescribed time. Restart your timer and repeat this pattern every 5 minutes until the 20 minute mark - making sure to increase your Wall Sit time. You will end your workout with a 2 minute Sandbag Wall Sit. There is a 2 Burpee penalty every time you break your Wall Sit. DO NOT eat the clock. Perform your Burpee and get back on the wall as quickly as possible.",https://www.youtube.com/watch?v=MJ78JymUstc?si=UgzWCM0htHwDQOOm,,,,,,,,,,
"9.7.23 ""SB20"" by MTNTOUGH",Get a month free of MTNTOUGH so you can complete the entire program using the code ‘GORUCKCHALLENGE’ on the MTNTOUGH website. Download the MTNTOUGH Fitness App on the App Store or Google Play to get started.,"WORKOUT: 
Equipment: Sandbag","WARMUP: 2 Rounds 
Sliding Squats x 5/5 
Windmills x 5/5 
Supermans x 20","“ATLAS” 
SANDBAG SHOULDER CARRY x 12 minutes 
*every 2 minutes, pause timer and complete 
Lunge Jumps x 15/15 and switch shoulders","Into...
SB Bent Row x 2-4-6-8-10-12-10-8-6-4-2 
SB Push Press x 2-4-6-8-10-12-10-8-6-4-2 
Speed Skaters x x 2-4-6-8-10-12-10-8-6-4-2 (per side)","Into...
SANDBAG SHOULDER CARRY x 12 minutes *every 2 minutes, pause timer and complete Lunge Jumps x 15/15 and switch shoulders","COOL DOWN: 1 Round 
Kneeling HIp Flexor x 30 sec/30 sec",Kneeling Adductor Stretch x 30 sec/30 sec,"NOTES: “ATLAS” begins with a block of Shoulder Carries. Be sure to pause your timer for your Lunge Jumps (15/15). This is to ensure you get a full 12 minutes of carrying (6 minutes per shoulder). You will then progress to your ladder sequence, performing 2 reps of each movement, then 4, then 6... continuing the pattern until you reach 12 – then return to your sets of 2. You will complete the full ladder sequence and then repeat your Shoulder Carry. Make note of how long the entire workout takes you and record it to track progress.",https://www.youtube.com/watch?v=G_s0Vx5ws5Y?si=g4kvYin0MRj23peJ,,,,,,,,
"9.5.23 ""SB20"" by MTNTOUGH",Get a month free of MTNTOUGH so you can complete the entire program using the code ‘GORUCKCHALLENGE’ on the MTNTOUGH website. Download the MTNTOUGH Fitness App on the App Store or Google Play to get started.,"WORKOUT: 
Equipment: Kettlebell","WARMUP: 2 Rounds 
High Knees x 15/15 
Hamstring Rockers x 5/5 
Speed Skaters x 5/5","EMOM: 6 minutes 
KB Swings x 12 
SEAL Burpees x 2","BLOCK 1: 3 Rounds 
Single Leg KB RDL x 10 (right) 
KB Choppers x 10 (right) 
Single Leg KB RDL x 10 (left) 
KB Choppers x 10 (left) 
Situps x 20","EMOM: 6 minutes 
KB Swings x 12 
SEAL Burpees x 2","COOL DOWN: 1 Round 
Pigeon Pose x 30 sec/ 30 sec 
Scorpion x 1 min","NOTES: When your timer starts for your EMOM, complete the designated reps. You then have the rest of the minute to rest before your next set begins when the timer hits the 1 minute mark. Repeat this for 6 rounds (6 minute EMOM). Be sure to make note of form and sequence of the SEAL Burpees. You will complete all 3 Rounds of Block 1 before repeating your 6 minute EMOM.",https://www.youtube.com/watch?v=8wEHOiYKe_g?si=MY2-aVTnacBGlky-,,,,,,,,,
Get a month free of MTNTOUGH so you can complete the entire program using the code ‘GORUCKCHALLENGE’ on the MTNTOUGH website. Download the MTNTOUGH Fitness App on the App Store or Google Play to get started. http://lab.mtntough.com/checkout/subs...,"WORKOUT: 
Equipment: Sandbag","WARMUP: 2 Rounds 
Overhead Squats x 10 
Pushup Toe Reach x 5/5 
Russian Twists x 15/15",BUY IN: Front Rack Carry x 200 yards,"BLOCK 1: 3 Rounds 
Back Squats x 75 
*every 15 reps complete 
SB Devil’s Press (Burpee Curl Press) x 5 
Spider Crunch x 20 
Bag Hop Over x 20",BUY OUT: Front Rack Carry x 200 yards,"COOL DOWN: 1 Round 
Child’s Pose x 1 min 
Couch Stretch x 30 sec/30 sec","NOTES: Welcome to Day 1 of SB20. Your Front Rack Carry should be held high on the chest with your elbows pointing in front of you. Maintain this position for the entire 200 yards. For Block 1, the sandbag will be on your back for squats. After 15 squats, drop your sandbag and perform 5 x SB Devil’s Press (Burpee Curl Press) and then continue your squats. You will perform 5 x SB Devil’s Press after your 75th rep of squats. You may perform your Bag Hop Overs for max speed or you may reset your arm swing.",https://www.youtube.com/watch?v=KLM5aaUew9E?si=NVPM7PxFnFyLa45v,,,,,,,,,,
"9.2.23 ""GAUX FOR A WALK""",Programmed by Margaux Alvarez,30 min Ruck,"Then 3 Rounds of:
10 Med Ball Squats 
20 Alt Single Leg V-Ups (total)
*no ruck",https://www.youtube.com/watch?v=gbxFqDxqWkc?si=c1EAgFE--nbf0K2n,,,,,,,,,,,,,,
"9.1.23 ""INTERVALS""",Programmed by Margaux Alvarez,4 ROUNDS:,"15 SB Deadlifts 
12 SB Front Rack Lunges (total)
10 SB Thrusters
*Rest 2 min",https://www.youtube.com/watch?v=3i6DcVez8m8?si=EtWzETZC_DGm6S0O,,,,,,,,,,,,,,
"8.31.23 ""FAST & SPICY""",Programmed by Margaux Alvarez,21-15-9,"SB 60#/40#
kB 53#/35#",https://www.youtube.com/watch?v=_TU4K-g7ttk?si=oEai6jcctw4TEm0B,,,,,,,,,,,,,,
"8.29.23 ""ONLY 1 MINUTE""",Programmed by Margaux Alvarez,4 ROUNDS:,"Min 1: SB Box Step-ups
Min 2: Burpees Over SB
Min 3: SB Reverse Lunges
Min 4: Alt SB Plyo Push-ups 
Min 5: Rest",https://www.youtube.com/watch?v=f9iyZ0RnfEg,,,,,,,,,,,,,,
"8.28.23 ""WINEMAKER""",Programmed by Margaux Alvarez,"10 Med Ball Over Shoulder 
200m Jerry Can Farmer Carry 
20 Alt KB Snatch 
 10 Med Ball Over Shoulder 
200m Jerry Can Farmer Carry 
20 Alt KB Snatch 
10 Med Ball Over Shoulder",https://www.youtube.com/watch?v=D5bR442kb34,,,,,,,,,,,,,,,
Death By Sandbag Clean and Jerks + Burpees,*Minute 1:  1 Sandbag Clean and Jerk + 1 Lateral Burpee Over Sandbag,*Minute 2 : 2 Sandbag Clean and Jerks + 2 Lateral Burpees Over Sandbag,*Minute 3: 3 Sandbag Clean and Jerks + 3 Lateral Burpees Over Sandbag,*Continue with that trend until failure,https://www.youtube.com/watch?v=1GuCU6BlPBk,,,,,,,,,,,,,
30-20-10-20-30,KB Swings,Single Arm Overhead KB Lunges (total),Hops Over the Kettlebell (2 count),https://www.youtube.com/watch?v=Pj7e-SENe58,,,,,,,,,,,,,,
1 Mile Ruck Run,50 Pull-Ups or SB Bent Over Rows,1200m Ruck Run,50 Sit-Ups (Ruck in front),800m Ruck Run,50 Sandbag Medicine Ball Squat Cleans,https://www.youtube.com/watch?v=-GO1--m_mXs,,,,,,,,,,,,
22 min AMRAP:,11 SB Thrusters,11 Shuttle Runs (25ft),11 Push-Ups,11 Sandbag Pull Throughs,https://www.youtube.com/watch?v=a1_u1n-Y1Zo,,,,,,,,,,,,,
5 ROUNDS:,Every 4 Minutes,400m Sandbag Run,In the remaining time on each interval do max burpee over the sandbag,*1 min rest between intervals,https://www.youtube.com/watch?v=iLrDVXMDA1Q,,,,,,,,,,,,,
"8.19.23 ""IT'S JUST A RUCK IN THE PARK""",6 MILE RUCK,*Heavier than your go-to weight,*Find some Hills/Terrain,*No Music,https://www.youtube.com/watch?v=6YFmwbaBAaU,,,,,,,,,,,,,
"8.18.23 ""CARRY ON MY WEIGHT WARD, SON""",BUY IN: 50 Push-Ups,600m Farmers Carry (wearing ruck),5 Ruck Push-ups every-time you break,CASH OUT: 50 Push-Ups,https://www.youtube.com/watch?v=LQB3k-53T6s,,,,,,,,,,,,,
"8.17.23 ""LEG DAY MAKES ME SAY BAD WORDS""",BUY IN: 50 Sit-Ups,10 ROUNDS:,10 SB Front Rack Lunges (total),10 SB Overhead Lunges (total),5 SB Thrusters,CASH OUT: 50 Sit-Ups,*Ruck Optional,https://www.youtube.com/watch?v=bHSne-QGdpY,,,,,,,,,,
"8.15.23 ""PT CRUSHER""",BUY IN: 1 Mile Run,3 ROUNDS:,2 min AMRAP Push-Ups,2 min REST,2 min AMRAP Sit-Ups,2 min REST,CASH OUT: 1 Mile Run,https://www.youtube.com/watch?v=Lg8M5EZeQpU,,,,,,,,,,
"8.14.23 ""Lookin’ Like Thor Costs You Tears""",Buy in: 800m Ruck,10 rounds:,10 SB Push Press,10 Air Squats,10 Hand Release Push-Ups,*Amp it up by wearing your ruck,https://www.youtube.com/watch?v=DIqrGMvrw90,,,,,,,,,,,
"8.12.23 ""BATMAN""",12 minute AMRAP:,5 Sandbag Devils Press,10 V-Ups,15 Sandbag Front Squats,20 Lateral Hops Over Sandbag (total),https://www.youtube.com/watch?v=WvNXmN1LeWU,,,,,,,,,,,,
"8.11.23 ""THE FLASH""","5 Rounds, increasing paces each set:",800m Ruck Run,-rest :90-,https://www.youtube.com/watch?v=L98qUp0_ukI,,,,,,,,,,,,,,
"8.10.23 ""SUPERMAN""",A. EMOM Until Failure:,"2, 4, 6, 8, etc.",Sandbag Clean and Jerks (adding 2 reps each minute),Rest 2 Minutes,B. EMOM Until Failure:,"2, 4, 6, 8, etc.",Lateral Burpees Over Sandbag (adding 2 reps each minute),https://www.youtube.com/watch?v=0aYoTblY968,,,,,,,,,,
"8.8.23 ""SUPER GIRL""","FOR TIME:
 40 KB Swings
 60 Air Squats
 80ft KB Goblet Walking Lunges (total)
 100ft Sand Medicine Ball Front Carry
 80ft KB Goblet Walking Lunges (total)
 60 Air Squats
 40 KB Swings",https://www.youtube.com/watch?v=zTUvK1oVFI8,,,,,,,,,,,,,,,,
"8.7.23 ""SPIDERMAN""",10 Rounds For Time:,6 Reverse Bear Crawl SB Drag,8 Push-Ups (slick),100m Ruck Run (50m out and back),https://www.youtube.com/watch?v=ySxU7FQw3IU,,,,,,,,,,,,,
8.6.23 “EXTORTION 17”,August Tribe WOD,8 ROUNDS FOR TIME:,8 Sandbag Thrusters,6 Upright Rows with Knee-ups,11 Squat Jump Over Sandbag,400m Sandbag or Ruck Carry AFAP,Standard Sandbag 60#/40#,"On August 6, 2011, the final flight of Extortion 17 resulted in the single deadliest incident for the US military during the War in Afghanistan. When the Boeing CH-47D Chinook helicopter was hit, all on board were instantly killed. The resulting crash killed 31 Americans on board including 17 US Navy SEALs. Extortion 17 represents the greatest single-incident loss of American lives in Operation Enduring Freedom – Afghanistan.",https://www.youtube.com/watch?v=iamGh_M7Y9o,,,,,,,,,
"7.22.23 ""OGRE""",50 Medball Ground To Overhead For Time,Standard  60# / 40#,Heavy 100# / 80#,Spice it up by wearing a Ruck or Weight Vest,https://www.youtube.com/watch?v=Nk362miIFxs,,,,,,,,,,,,,
7.21.23 “Sins of Our Fathers”,10 Rounds:,100’  Zercher Carry,10 SB Deadlifts,5 SB Burpees,100’  Farmer Carry,Standard Sandbag 60# / 40#,Heavy Sandbag 100# / 80#,https://www.youtube.com/watch?v=Yhc6w6HsLy8,,,,,,,,,,
"7.20.23 ""5 MILE RUCK""",5 Mile Ruck Increasing Pace 60 sec each mile,"(Pace yourself, if you go out too fast on the first mile, you’ll really pay for it later.)",Ruck or Vest 30# / 20#,https://www.youtube.com/watch?v=m60zhM7SA0g,,,,,,,,,,,,,,
"7.18.23 “Strong Shoulders, Strong Mind”",6 Rounds:,5 SB Devils Press,10 Hand Release Push Ups,100m SB Burden Carry,Sandbag 60# / 40#,*Spice it up by adding a  Weight Vest or Ruck,https://www.youtube.com/watch?v=81bNseY4LwM,,,,,,,,,,,
"7.17.23 ""INVADER""",15 min AMRAP:,5 Medball Bear Hug Squats,50m Medball Bear Hug Carry,*3 Medball Over Shoulder every time you drop the ball,Spice it up by wearing a  Weight Vest or Ruck,https://www.youtube.com/watch?v=Py42UhezxDY,,,,,,,,,,,,
30# / 20#7.15.23 “CANS & KETTLES”,5 Rounds:,45 sec JC Lateral Hops,10 KB Single Arm Swings (each arm),50m JC Farmer Carry,10 KB Skipping Lunges (each leg),- 2:00 min rest between sets,7.14.23 “PUSH & PRESS”,5 Rounds:,6 SB Plyo Push-ups (each arm),10 SB Overhead Press,50m SB Overhead Carry,5 KB Snatch (each arm),- 2:00 mins rest between sets,https://www.youtube.com/watch?v=M_Nl_d7V3jQ,,,,
7.13.23 “ARE WE DONE YET”,5 Rounds;,10 SB Lunges (each leg),7 SB Clean & Press,40m SB Suitcase Carry (each side),3 SB Get-ups (each side),- 2:00 min rest between rounds,https://www.youtube.com/watch?v=FpFFYGv_CN0,,,,,,,,,,,
7.11.23 “MEDBALL BLITZ”,5 Rounds:,7 MB to shoulder (each side),12 MB Front Squats,50m MB Stress Carry,- 2:00 min rest between rounds,https://www.youtube.com/watch?v=sE7qDChM7ck,,,,,,,,,,,,
7.10.23 “GRIT & GRIP”,3 Rounds:,12 SB Deadlift,9 SB Hang Cleans,6 SB Rows,(unbroken),200m Run  (Sandbag optional),- 1:30 rest between rounds,https://www.youtube.com/watch?v=c-1nAy9a-hk,,,,,,,,,,
7.8.23 “ASSAULT”,"100m Bear Crawl (slick/50m down, 50m back)",20 SB Power Cleans,30 SB Plank Pull Throughs (total),40 Lateral Hops over SB,"50m Sprint (down & back, ruck optional)","60 Swings (KB, Ruck or SB)","THEN REPEAT in reverse order, starting with 60 more swings.",https://www.youtube.com/watch?v=NNoHi9cOllI,,,,,,,,,,
7.7.23  “LEGS ON BLAST”,4 Rounds:,"100m Ruck Side Shuffle  (50m down, 50m back)",15 Ruck Static Lunges (ea leg),15 Ruck 1 & ¼ Squat,15 Ruck Single Leg Deadlifts (ea leg),Cash Out: Heavy 400m Carry (load up and go!),https://www.youtube.com/watch?v=n7_UXhl8FBY,,,,,,,,,,,
7.6.23 “CORE CONTROL”,2 Rounds:,800m Ruck,50 Single Leg V-Ups (slick),25 Plank Ups (slick),800m Ruck,50 Sit Ups (slick),1 min Plank Hold (Ruck optional),https://www.youtube.com/watch?v=KeNlWNSdAyk,,,,,,,,,,
7.4.23 “UNITED WE RUCK”,"With a partner, complete the following workout. Each of you will do all of the reps. Start every movement together and finish with your 1 miler as fast as possible with your partner. Time your full workout and let us know how you did. No partner gets left behind — United We Ruck.",50- Burpees w/Lateral Hop over Sandbag,13- Sandbag Get Ups,50- Sandbag Back Rack Walking Lunges (each leg),13- Sandbag Get Ups,50- Sandbag Ground to Overhead,13- Sandbag Get Ups,"Cash Out: 1 mile weighted (Sandbag or Ruck) , CARRYING AN AMERICAN FLAG (AFAP) as fast as possible",Sandbag weight 60#/40#,*can scale by using ruck instead of sandbag,Significance:,50 white stars on the American flag representing the 50 States,13 red and white stripes representing the 13 original colonies,https://www.youtube.com/watch?v=_Tf2BwlAux0,,,,
7.3.23 “ARMAGEDDON”,Buy In: 50 Push-ups (slick),6 Rounds:,10 SB Skull Crushers,10 SB Floor Press,10 SB Strict Overhead Press,10 SB Bicep Curls,10 SB Bent Over Rows,Cash Out: 50 Push-ups (slick),*Can use ruck instead of sandbag to lighten the load if needed.,https://www.youtube.com/watch?v=ivPXg4c0zJw,,,,,,,,
7.1.23 “WASHINGTON”,For time:,Ruck Suitcase Carry,1.5 Miles // 2.4 Kilometers,"*Each time you switch hands or rest, you must do 10 squat clean thrusters before you begin the suitcase carry again.",Ruck weight: (Beginner: 20#/10#; Intermediate: 30#/20#; Expert 45#/30#),Notes: Choose a doable pace that you can sustain for the duration of the carry.,"*First in War, First in Peace, First in the Hearts of his Countrymen–this 555 - foot tall marble obelisk monument was built to honor George Washington, the United States' first president. ~National Park Service",https://www.youtube.com/watch?v=VykX9Gc0Fy4,,,,,,,,,,
"5.29.23 ""GORUCK MURPH""",1 Mile Run,100 SB Bent Over Rows (60#/40#),200 Push Ups,300 Squats,1 Mile Run,Optional: Wear a Ruck or Weight Vest (20#/14#),https://www.youtube.com/watch?v=iSopMSGQJu4,,,,,,,,,,,
"5.30.23 ""CORE ACTIVATION""",6 Rounds:,"20 Mountain Climbers (2 count, slick)","20 Seated Ruck Russian Twist (2 count, 30#/20#)",20 Ruck Leg Raises (30#/20#),100m Single Arm Overhead Carry (30#/20#),https://www.youtube.com/watch?v=o2TmDy_Q1pc,,,,,,,,,,,,
"6.1.23 ""SANDBAGGING""",30-20-10,Sandbag Power Cleans (60#/40#),Sandbag Push Press (60#/40#),*200m Suitcase Carry after each set,https://www.youtube.com/watch?v=xxOS0TaCafY,,,,,,,,,,,,,
"6.2.23 ""TOSS""",10 - 1:,Sandbag Walking Lunges (each) 60#/40#,Sandbag Burpees w/ Overhead Toss (60#/40#),Sandbag Lateral Toss (60#/40#),"Do 10 reps of each movement, then 9 of each, 8 of each, etc...",https://www.youtube.com/watch?v=Uu45lqOQ3WQ,,,,,,,,,,,,
"6.3.23 ""BALLIN""",50 Sand Med Ball Cleans,400m Med Ball Bear Hug Carry,(80#/60#),Pro (100#/80#),https://www.youtube.com/watch?v=gX-m3rxCToc,,,,,,,,,,,,,
"6.4.23 ""KETTLEBELL CHAOS""",100 KB Swings,80ft Bear Crawl with KB Drag,60 Sumo Deadlift High Pull,40 Goblet Squats,20 Alternating Hang Clean & Press,(53#/35#),*scale to a weight that is challenging but doable for you,https://www.youtube.com/watch?v=89OA4B663bQ,,,,,,,,,,
"6.5.23 ""LEG ENGAGEMENT"" by Guest Trainer, Ronald Tortola",Buy in:1 Mile Ruck,4 sets - 10 reps per arm: KB Single Arm OH Reverse Lunges,4 sets - 20 reps: Jerry Can Bearhug Front Lunges,4 sets - 20 reps: Sandbag Deadlifts,4 sets - 20 reps: Sandbag Front Rack Squats,4 sets - 25 reps: Jerry Can OH Flutter kicks (4ct),Cash Out: 1 Mile Ruck,"*complete 4 sets of one exercise before moving on to the next, rest as needed",https://www.youtube.com/watch?v=PYJFnHTIk0Q,,,,,,,,,
"6.6.23 'THE JERRY CAN""","Buy In:
200m Suitcase Carry

25 min AMRAP:
20 JC Swings
15 JC High Pulls
10 JC Press Leg Raises

Cash Out:
200m Suitcase Carry

JC 55#/45#",https://www.youtube.com/watch?v=Au8S5U_CjYo,,,,,,,,,,,,,,,,
"6.8.23 ""SIMPLE SANDBAG""","Buy In: 2 min or to failure
SB OH Hold

5 Rounds For Time:
10 SB OH Press
10 SB Burpee OH Throw
10 SB Sit-Ups
1 minute Plank

Cash Out: 2 min or to failure
SB OH Hold

Sandbag 60#/40#",https://www.youtube.com/watch?v=bTzzq9evTjc,,,,,,,,,,,,,,,,
"6.9.23 ""COREFLEX""","Buy In: 200m SB Bearhug Carry

5 Rounds For Time:
20 SB Lateral Toss
20 SB Deadlifts
20 Plank SB Drag
20 Calf Raises

Cash Out: 200m SB Bearhug Carry","SB Standard 60#/40#
SB Heavy 80#/60#",https://www.youtube.com/watch?v=h0r308E_IVw,,,,,,,,,,,,,,,
"6.10.23 ""SANDMAN""","6 Rounds For Time:
20 Sandbag Bent Over Rows 
10 Sandbag Thrusters 
100M Sandbag Shuffle 

SB 60#/40#",https://www.youtube.com/watch?v=Eo8mytYWcWQ,,,,,,,,,,,,,,,,
"6.12.23 ""UNLUCKY 7's""","7 Rounds:
7 SB Power Cleans
7 SB Thrusters
7 Burpee Hop Over SB",Sandbag 60#/40#,https://www.youtube.com/watch?v=cKCgqrsTsGQ,,,,,,,,,,,,,,,
"6.13.23 ""BREAK IT DOWN""",20 min AMRAP:,10 Air Squats,8 Alternating Lunges (each leg),6 Burpees,Weight Vest 20#/14#,https://www.youtube.com/watch?v=QsiJ1pWSDbU,,,,,,,,,,,,
"6.15.23 ""Up and At'em""",15 min AMRAP:,5 Sandbag Clean & Jerk,20 Sandbag Step Ups (total),Sandbag 60#/40#,Weight Vest 20#/14#,https://www.youtube.com/watch?v=MTLbCKItCdQ,,,,,,,,,,,,
"6.16.23 ""SANDBAG COMPLEX""",20 min EMOM:,4 Sandbag Power Cleans,4 Sandbag Front Squats,4 Sandbag Push Press,*EMOM= Every minute on the minute you will do 1 round of the 3 exercises,Sandbag 60#/40#,https://www.youtube.com/watch?v=gIcDruAWrzQ,,,,,,,,,,,
"6.17.23 ""REPEAT OFFENDER""",5 Rounds For Time:,400m Run/Ruck,20 Ruck Push-ups,400m Run/Ruck,20 Ruck Squats,Ruck 30#/20#,https://www.youtube.com/watch?v=u4wOfT-GciI,,,,,,,,,,,
"6.19.23 ""BULLET""",5 Rounds,Minute Stations:,1 min Sandbag Front Toss,1 min Ruck Russian Twists,1 min Sandbag Hang Clean & Press,1 min Ruck Pressed Leg Raises,Sandbag 60#/40#,Ruck 30#/20#,https://www.youtube.com/watch?v=Fe1-Ns4qDg0,,,,,,,,,
"6.20.23 ""ACTIVATE""",1 Round For Time:,50 Zercher Squats,10 Floor Press,40 Zercher Squats,20 Floor Press,30 Zercher Squats,30 Floor Press,20 Zercher Squats,40 Floor Press,10 Zercher Squats,50 Floor Press,Sandbag 60#/40#,https://www.youtube.com/watch?v=TR2ZUrIW6qE,,,,,
"6.22.23 ""PYRAMID""",30-20-10-20-30,Sandbag Shoulder to Shoulder Press,Sandbag Deadlifts,Mountain Climbers 4 ct (slick/unweighted),Standard Sandbag 60#/40#,Heavy Sandbag 80#/60#,"Do 30 reps of each exercise, then 20 reps of each , then 10 and then work your way back up, 20 of each and finish with last round of 30. Mountain Climber will always be a 4 count, so 120, 80, 40, 80, 120.",https://www.youtube.com/watch?v=YDriPoxT4OQ,,,,,,,,,,
6.23.23 “PAIN TRAIN”,BUY IN: 1 min Wall Sit w/ Ruck at chest,20 min AMRAP:,5 Sandbag Man Makers,10 Ruck Cossack Squats,15 Sumo Squat High Pull w/Ruck,200m Ruck + Sandbag Carry,CASH OUT: 1 min Wall sit w/ Ruck at  chest,Ruck 30#/20#,Sandbag 60#/40#,https://www.youtube.com/watch?v=VYwsVA6tW3I,,,,,,,,
6.24.23 “9 EAGLES”,6 Rounds:,11 Ruck Push Ups,11 Ruck Lunges (total),11 Ruck Overhead Press,11 Ruck Overhead Squat,11 Ruck Swings,"11 Flutter Kicks (4 count, slick)","11 Mountain Climbers (4 count, slick)",11 V-Ups (slick),11 Ruck Plank Pull Throughs (total),101 meter Sandbag Shoulder Carry,101 meter Sandbag Farmer Carry,Ruck (30#/20#),Sandbag (60#/40#),NINE EAGLES MEMORIAL WOD programmed by Cadre Aaron Hand & Nichele Cihlar,"On the evening of March 29, 2023, two 101st Airborne Division (Air Assault) helicopters crashed in Trigg County, Kentucky.","The crew members, all members of C company 6-101 Aviation Regiment, 101st Combat Aviation Brigade, were flying two HH60 Blackhawk helicopters during a routine training mission when the incident occurred.",https://www.youtube.com/watch?v=uXBLvqN9BCw
6.26.23 “TEDDY”,26 minute AMRAP:,200 meter waiter carry (switch arms at 100 meters),17 push-ups (slick),17 ruck flutters (4 count),17 ruck squats,Ruck weight: (Beginner: 20#/10#; Intermediate: 30#/20#; Expert 45#/30#),"Notes: Go hard, about 90% effort, for one round and then take the one minute rest to recover. This is NOT meant to be done as a straight AMRAP at 75% effort without rest. Take the rest so you can sustain a 90% effort across the entire 26 minutes and really build that engine!","*Theodore Roosevelt was the 26th President of the United States, thus the AMRAP time of 26 minutes. The statue in the demo video is 17 feet tall, thus the rep scheme.",https://www.youtube.com/watch?v=in0nsJaSb6Y,,,,,,,,,
6.27.23 “ELEANOR”,20 minute EMOM:,Minute 1: Ruck lunges,Minute 2: Ruck side bend (:30 secs R/:30 secs L),Minute 3: Ruck Z-press,Minute 4: Ruck bent over row,Ruck weight: (Beginner: 20#/10#; Intermediate: 30#/20#; Expert 45#/30#),Notes: Do the assigned movement for the entire movement with full range of motion and deliberately great form. Don’t rest in the transition between each movement; these are all opposing muscle groups so moving from one exercise to the next will allow the previously worked muscle time to rest. Keep a good pace and continue to move the entire 20 minutes.,"*Eleanor Roosevelt, 32nd First Lady of the United States, was the first American delegate to the  United Nations. This is the only memorial dedicated to a First Lady in the national mall and a presidential memorial.",https://www.youtube.com/watch?v=GfF-SJzlT_o,,,,,,,,,
6.29.23 “LINCOLN”,5 Rounds:,1 min fast stairs (or box step-ups),1 min max burpees,1 min plank shoulder taps,1 min rest,Ruck weight: (Beginner: 20#/10#; Intermediate: 30#/20#; Expert 45#/30#),"Notes: Just like Monday, this is a workout where you should push the pace at about 90% effort during the first 3 minutes, then breathe easy on the rest period and get ready to push it again for 3 minutes; repeat that cycle 5 times. If you do not get 50 burpees total across the 5 rounds (at least 10 every minute, then add a round in the end and make it 6 rounds).","*This monument honors Abraham Lincoln, the 16th President of the United States, and the virtues of tolerance, honesty, and constancy in the human spirit.~Britannica",https://www.youtube.com/watch?v=4LHDi8DD0Us,,,,,,,,,
6.30.23 “King”,50-40-30-20-10,Mountain Climbers,Ruck Sumo Deadlift High Pull,Ruck Swings,Ruck weight: (Beginner: 20#/10#; Intermediate: 30#/20#; Expert 45#/30#),"Notes: Chip away at a steady pace on this one. If you can, try to get faster as you go! Starting with 50, the rep scheme should look like this: 50 mountain climbers (2 count) - 50 Ruck Sumo Deadlift High Pulls - 50 Ruck Swings, 40-40-40, etc.","*This memorial honors Martin Luther King, Jr.'s legacy and the struggle for freedom, equality, and justice. A prominent leader in the modern American civil rights movement, Dr. King was a tireless advocate for racial equality, working class, and the oppressed around the world. ~National Park Service",https://www.youtube.com/watch?v=mY4eqT5NF2o,,,,,,,,,,
